{
  "version": 1,
  "author": "Uri Shaked",
  "editor": "wokwi",
  "parts": [
    { "type": "wokwi-esp32-devkit-v1", "id": "esp", "top": 0, "left": 0, "attrs": {} },
    { "type": "wokwi-dht22", "id": "dht1", "top": 0.3, "left": 330.6, "attrs": {} },
    {
      "type": "board-ssd1306",
      "id": "oled1",
      "top": 156.74,
      "left": -297.37,
      "attrs": { "i2cAddress": "0x3c" }
    },
    { "type": "wokwi-hc-sr04", "id": "ultrasonic1", "top": -161.7, "left": -292.1, "attrs": {} },
    { "type": "wokwi-gas-sensor", "id": "gas1", "top": -141.3, "left": -69.8, "attrs": {} }
  ],
  "connections": [
    [ "esp:TX0", "$serialMonitor:RX", "", [] ],
    [ "esp:RX0", "$serialMonitor:TX", "", [] ],
    [ "dht1:SDA", "esp:D15", "green", [ "v0" ] ],
    [ "dht1:GND", "esp:GND.1", "black", [ "v0" ] ],
    [ "oled1:GND", "esp:GND.2", "black", [ "v0" ] ],
    [ "oled1:SCL", "esp:D22", "green", [ "v0" ] ],
    [ "oled1:SDA", "esp:D21", "green", [ "v0" ] ],
    [ "oled1:VCC", "esp:3V3", "red", [ "v0" ] ],
    [ "dht1:VCC", "esp:3V3", "red", [ "v0" ] ],
    [ "ultrasonic1:GND", "esp:GND.2", "black", [ "v0" ] ],
    [ "ultrasonic1:VCC", "esp:VIN", "red", [ "v0" ] ],
    [ "ultrasonic1:TRIG", "esp:D26", "green", [ "v0" ] ],
    [ "ultrasonic1:ECHO", "esp:D25", "green", [ "v0" ] ],
    [ "gas1:VCC", "esp:VIN", "red", [ "h0" ] ],
    [ "gas1:GND", "esp:GND.1", "black", [ "h0" ] ],
    [ "gas1:AOUT", "esp:D34", "green", [ "h0" ] ]
  ],
  "dependencies": {}
}